,var_score_q,mse_q,mae_q,mape_q,var_score_h,mse_h,mae_h,mape_h
0,0.9070912144401262,232036.55713870304,307.7907078075959,10.727815242443823,0.9268181830249532,1554.4799002136726,26.77005969846721,8.230514492912805
1,0.9021264692323708,245716.5524296148,319.0780372656087,11.722479632079441,0.9222204204943448,1662.86904572627,28.069641824472267,9.15502812780035
2,0.8936109387987425,268502.51144723786,347.1060106691722,13.574681940241549,0.9127465410486534,1876.986655459726,31.144441983242963,10.865465235515009
3,0.8838705432850109,294435.57154098264,379.93100505787976,15.593363586857684,0.9011111691032151,2138.5778021404853,34.58731949154535,12.595146652504752
4,0.8800933871209273,305231.6509318779,400.6063457372259,16.956254645269407,0.8951012369768241,2279.7285816167882,36.765677637370175,13.802269686611499
5,0.880571091632074,305050.833472155,411.01609340110167,17.719967421811536,0.8936615249431048,2321.133640401593,38.03467480343468,14.567596735184452
6,0.8808864881791082,304990.5599790414,414.3150934561684,18.124417640242626,0.8921229541166844,2362.290888282555,38.65047955974147,15.044839782653616
