,var_score_q,mse_q,mae_q,mape_q,var_score_h,mse_h,mae_h,mape_h
0,0.931165012979073,171913.05755180854,256.8693907453968,8.808086492263172,0.9447554858339654,1173.4675417727335,22.672709908554495,6.988908400650863
1,0.9306386100676111,174135.35071475845,261.53179584966097,9.086602765799453,0.9446792551325671,1182.7160137820758,23.21946455852257,7.336865749353291
2,0.9293607656844276,178277.83802473225,272.81053862666556,9.596335216916414,0.9439510465943336,1205.7188203115502,24.233239375357588,7.877127847890557
3,0.9211779842940666,199845.98138047868,299.5801282161629,10.717992147485548,0.9362776805133941,1378.0640009506888,26.821538762507444,8.971091054554686
4,0.8974492069771802,261051.05554350698,346.1623779934362,12.660360134906512,0.9136723023085622,1876.1300337627738,31.726340137986213,10.822905474632242
5,0.8713384391838939,328633.30075720686,390.2927702327783,14.555799573819261,0.8892521424528704,2417.3807045616236,36.42369963995883,12.684507663503647
6,0.8381660210236405,414376.46424071945,442.34406267219066,16.96623541438984,0.8576260081245598,3117.704799773201,41.82823666917456,14.905772194863353
