,var_score_q,mse_q,mae_q,mape_q,var_score_h,mse_h,mae_h,mape_h
0,0.8382714044386097,266833.37746991013,326.9840661923328,12.837258320654211,0.8505412093416356,2215.667397379642,31.237965261422538,10.054044796580378
1,0.8290756284241406,282469.6343112771,335.2400848470286,12.971593084640832,0.8408021691956266,2363.911159019556,32.36837256044127,10.267860265040566
2,0.8147098945189317,306721.85346099944,350.65187510315735,13.323688898612614,0.8254495581221373,2595.858657047972,34.23682260093774,10.673071076706085
3,0.7930854946398198,343455.84913496184,377.1528429450435,13.97915766829628,0.8022527278402507,2949.4132374355822,37.13821740425546,11.323085649351118
4,0.7625632179947712,395404.4808627818,415.00603509778165,14.968119487046868,0.7693181943276413,3453.4982388409226,41.204129298999774,12.273525739331129
5,0.7212862130314424,465531.58303779335,459.489989501562,16.140754359214192,0.724548544369435,4137.769552986121,45.990624742826554,13.409744610665381
6,0.6688732392110626,553356.4472009974,509.0532067997408,17.472208406657426,0.6672091414813521,4999.64285770836,51.310925245450996,14.691247334327349
