,var_score_q,mse_q,mae_q,mape_q,var_score_h,mse_h,mae_h,mape_h
0,0.9572260105795637,106826.59535797322,206.12589403168968,7.161694790985525,0.9667719750891932,705.8077946501465,18.31361825937731,5.8102604888833085
1,0.926920521975792,183469.80284278502,256.20646841322565,9.003747407150945,0.9391910393580791,1300.0499488028895,23.84521396514355,7.846140857381663
2,0.8748762810006129,315784.65317406936,352.44032129961914,12.394704783155323,0.8878815814936067,2411.8788859143688,33.4132065377708,10.926327404478258
3,0.8408010054560491,403634.428966099,411.59180882098264,14.399347451683505,0.8508835138512229,3224.805110132333,39.78248611249943,12.918350876785315
4,0.821695663084927,453887.6198578716,451.5564465191559,15.678551966540985,0.8261502880246075,3778.215737478096,44.35284477016331,14.365921823121997
5,0.7999271896612115,511035.21235361765,488.38309370467584,16.95496056594742,0.7978610605718571,4412.245822508992,48.42383869471013,15.781412361337813
6,0.7652221938664691,601149.3865699063,540.1058123792059,18.89726656211138,0.7567872394372985,5325.871537238446,54.03841076749409,17.729683961403495
