,var_score_q,mse_q,mae_q,mape_q,var_score_h,mse_h,mae_h,mape_h
0,0.877697929004856,305445.2957665479,335.83806266884034,11.614225839086775,0.9014372021891716,2093.605958950147,29.82446903532503,8.961933902917064
1,0.8788049524752611,304266.42439236,336.62046141681685,11.752002954935742,0.9024244458004074,2086.0921302138354,29.891585665735356,9.07074524772021
2,0.87927374891268,304686.41464214877,337.85327285109213,11.931401141501421,0.9028180279993114,2090.567718332707,29.964886910148852,9.207322012632893
3,0.8788563881249902,307148.50142197893,341.6023951495561,12.20064936503354,0.902389658817616,2110.9290808573255,30.0953559556579,9.374076678386153
4,0.8775524208915394,311699.8789848244,347.93653470910334,12.584194817895494,0.9012260343901851,2146.6204751201767,30.45218444490247,9.64884896883155
5,0.875514171970565,317967.45122095547,356.0173243232389,13.053711386190713,0.8994779455849419,2194.1740464138957,31.07474202343465,10.021473874019039
6,0.8728251783563978,325631.57172832097,365.39139408254783,13.58719479574398,0.8972812445407155,2249.3346762540596,31.797786479162518,10.441249240379213
