,var_score_q,mse_q,mae_q,mape_q,var_score_h,mse_h,mae_h,mape_h
0,0.9613939432187076,96417.32422021042,207.20235387785894,8.662971293186706,0.9624093672656925,798.4754333404939,20.157178743619415,7.001576655759213
1,0.8646154664780119,339889.86162453896,410.41608802677257,17.73513082916456,0.8673193667830759,2836.612377516677,39.09678332282688,14.164855114149361
2,0.7825967439229987,548677.839567137,553.8289092263593,24.66399232269939,0.7804231254993261,4723.513179175337,52.77651732126778,19.852561157113072
3,0.7221025451744132,704583.4730990775,655.1865891920368,29.741120108919322,0.7094161727114315,6284.189195734152,63.96578591028756,24.422077625395776
4,0.6749257144708729,827501.9906335251,734.1107402828716,33.6681926822803,0.6518813996836483,7565.541290113017,72.4719094660063,27.818905843349086
5,0.6347272944070437,932996.4144232715,788.1300032660716,36.42155584918132,0.604693116093932,8628.674673261694,77.90391933151855,30.07550342270729
6,0.5994537392855976,1025600.0892366435,832.0060560020424,38.61066213479415,0.5644437654332928,9537.807749801616,82.4515582276684,31.896576941227412
