,var_score_q,mse_q,mae_q,mape_q,var_score_h,mse_h,mae_h,mape_h
0,0.9340156658571692,164793.64817146817,255.08304380027636,9.009642652004258,0.9464403313746123,1137.679163782704,22.56002020380175,7.141159280395895
1,0.9250942629372614,188054.72045300776,272.21064575581033,10.058205558196684,0.9373603166953859,1339.1894255968048,24.628902055425694,8.225200864994441
2,0.9201855205945887,201434.13174467883,291.8883110557571,11.117884321413895,0.9304721663554235,1495.674985293861,26.779399452553946,9.28528371125901
3,0.9144109531354065,217003.16736237553,316.7740931744036,12.561378195788706,0.9212920260178611,1702.1449690849333,29.904835918162153,10.774104657429731
4,0.8974681410817444,261002.8573010891,356.6581223624081,14.90923487816106,0.8997743590558229,2178.169233709851,34.61307621363051,12.95420791416425
5,0.8660938923401261,342029.1645203288,418.28523891495,18.1295857941738,0.8631530044050858,2987.0671447309574,40.89234485692577,15.760716025453938
6,0.8357511016341922,420559.8737098279,481.44388304081144,21.215900269813243,0.8260335183431994,3809.516946996728,47.25829222434542,18.44750116658649
