,var_score_q,mse_q,mae_q,mape_q,var_score_h,mse_h,mae_h,mape_h
0,0.9457943993043303,135376.65880857906,224.9333872445027,7.655512410941773,0.955223498605292,951.1129170746929,20.031441453984097,6.036529546450079
1,0.9188742937644987,203670.27421266842,274.33642122914125,9.667427652056675,0.9268561656348906,1563.76029318372,26.338073017989657,8.219357908141996
2,0.893289599643223,269313.5005593622,324.7137966731964,11.648129245441266,0.8962228136205972,2232.4432328111125,32.45480043154656,10.296085330477974
3,0.8707197723201712,327778.14348412125,373.840998675549,13.489848964885473,0.8645028934606215,2930.2713124582046,38.74124099890127,12.43094505440961
4,0.8582217366041759,360907.646071244,409.8998588897814,14.91252631187298,0.8416763474048459,3440.793252132024,43.829586986550204,14.154375544117674
5,0.8441214647807005,398152.15376980125,442.7000127883136,16.300941695401946,0.813797795497813,4064.3821585340543,49.373810128987095,16.11708444482021
6,0.814333244455369,475400.37127103464,494.6482378992212,18.50598211235615,0.7657423181472276,5129.77327864134,56.73195275614002,18.716191617012843
