,var_score_q,mse_q,mae_q,mape_q,var_score_h,mse_h,mae_h,mape_h
0,0.930638759138189,173227.3587633018,256.9641003220405,8.790542812504285,0.9440141496768665,1189.2145155859805,22.570439833702473,6.8949979784740725
1,0.9319799098231623,170767.94842402873,256.6263656577889,8.786183678746696,0.9457539761181765,1159.7392855569988,22.36261212266186,6.933169005602312
2,0.9303716801937957,175726.51290202717,264.5307275327183,9.07137827473851,0.9448703737708954,1185.942356855009,22.97721903957429,7.227608737831713
3,0.9191622734584601,204956.6310703305,292.44801062940576,10.04238173422725,0.9356496304257059,1391.6462626073578,25.06207092689109,8.021577940148786
4,0.9072359203504313,236138.2120531553,316.1559047507691,10.815624047244473,0.9265728652917014,1595.7665546899855,26.612841382644525,8.669337439895047
5,0.8870634139091836,288467.8440697833,353.01692743434853,12.204626281929114,0.9101583594651103,1961.0442414453105,30.345100382376152,10.036329502373983
6,0.8574949793159109,364884.59952065744,395.68165908239075,13.848485057296253,0.8860893920927886,2494.4137924298698,34.8699101755694,11.67275099069602
