,var_score_q,mse_q,mae_q,mape_q,var_score_h,mse_h,mae_h,mape_h
0,0.9969841063086464,556.7371716359416,18.390392959613468,41.025480031862685,0.9977818987617294,2.8189460915649254,1.2340596531525205,69.9536797305797
1,0.9781218218713282,4032.007752487405,50.04641815361993,92.12861275037442,0.9816322601442796,23.31375997259543,3.637519545346363,187.0330128195554
2,0.915145371466987,15621.842042979766,100.12988117529332,179.96200020355727,0.9237829938205466,96.66445944554593,7.577344262432868,347.3526790787022
3,0.7723062695646175,41903.845133609466,166.74630896335705,356.1104249880973,0.7887519678606857,267.8570965102407,12.8855397926427,758.1283322854657
4,0.5284217059066763,86787.9233459418,241.99507557362963,577.8635662447714,0.549757745125228,570.9133206245663,19.092992821554798,1589.744548465095
5,0.19638562902463164,147852.01074292627,321.2970754246359,872.5411755211527,0.21451297014310722,995.6960170849516,25.710167026549044,3734.413354751781
6,-0.1709655562282324,215164.99478810854,395.25676362433336,1206.8892171731031,-0.1698287946399062,1480.9509650977589,32.108368175323044,4838.871756301175
