,var_score_q,mse_q,mae_q,mape_q,var_score_h,mse_h,mae_h,mape_h
0,0.8429314482582577,259144.84702025034,325.1861144409319,13.004909780025322,0.8579956250519407,2105.1586358468944,31.0247436462685,10.520538254971072
1,0.8416126540508477,261750.94445167837,328.3633057561542,13.226122836569429,0.8566686961747313,2128.3108371352705,31.331081136685825,10.761410190626773
2,0.839088156738519,266367.0500960996,333.77276516714943,13.555709412568362,0.85405215914446,2170.489871503224,31.83703510166166,11.09771261526635
3,0.8360091789548827,272207.14465787075,340.37511589355864,13.95563676208162,0.8508344080340748,2224.8143638553042,32.42608345534075,11.48720727531299
4,0.8321988544488079,279439.95991062606,349.2952584138582,14.474008782386196,0.8467936169464814,2293.6268099357653,33.28363964036459,11.99663610158387
5,0.8273645341756564,288350.5066892869,360.8929866956695,15.122338098240796,0.8415452640057925,2380.2712555007934,34.45400425865423,12.62674325992774
6,0.8211920522746323,298811.64074104856,374.8539150318694,15.885665314792178,0.8347782334934388,2482.1890496916976,35.815590730560615,13.326742456001009
