,var_score_q,mse_q,mae_q,mape_q,var_score_h,mse_h,mae_h,mape_h
0,0.8441346138697244,257159.76366100338,324.11445435611273,12.983925721592856,0.8590597133570421,2089.3839480205,30.709815773016455,10.2885703717775
1,0.843569987224377,258516.25544475229,326.23496973561623,13.184848980602892,0.8582330780486638,2105.0815019736556,30.926833565262378,10.498471715790709
2,0.8419201189796839,261679.1327068442,330.1742853274668,13.444866803604791,0.8563791377391275,2135.8837859227606,31.231714015468416,10.727673668063705
3,0.8398989826592724,265750.48840782215,334.9116623039751,13.765022821063452,0.8540235372002263,2177.248297958121,31.629986239424653,11.01542276752414
4,0.8374748871171908,270653.76031409064,341.41091690933393,14.18726546468115,0.8510517646233656,2229.8788023285642,32.26869887688496,11.419260221096941
5,0.8343027314090814,276761.73680231627,350.5155859922454,14.747500568435854,0.8471224432766494,2296.492128156307,33.19414722577122,11.94050080733562
6,0.8301286733136427,283877.36947784334,361.8310375411098,15.410487169890477,0.8420684525731268,2372.665332859047,34.28655297357879,12.53252683408084
